<?xml version="1.0" encoding="ISO-8859-1"?>
<TOP_TEN_TIMES>
	<EVENT>
		<EVENT_NAME>200 Freestyle</EVENT_NAME>
		<SWIM>
			<SWIMMER>Chris Miller</SWIMMER>
			<TIME>1:51.49</TIME>
			<DATE>2/21/98</DATE>
		</SWIM>
		<SWIM>
			<SWIMMER>Peter Myers</SWIMMER>
			<TIME>1:54.19</TIME>
			<DATE>2/17/01</DATE>
		</SWIM>
		<SWIM>
			<SWIMMER>Nate Grawey</SWIMMER>
			<TIME>1:59.78</TIME>
			<DATE>2/17/01</DATE>
		</SWIM>
		<SWIM>
			<SWIMMER>Trent Jackson</SWIMMER>
			<TIME>2:01.12</TIME>
			<DATE>1/9/99</DATE>
		</SWIM>
		<SWIM>
			<SWIMMER>Chris Slevin</SWIMMER>
			<TIME>2:03.42</TIME>
			<DATE>1/26/01</DATE>
		</SWIM>
		<SWIM>
			<SWIMMER>Nathan Jackson</SWIMMER>
			<TIME>2:03.95</TIME>
			<DATE>1/24/98</DATE>
		</SWIM>
		<SWIM>
			<SWIMMER>Quinn Brennan</SWIMMER>
			<TIME>2:07.16</TIME>
			<DATE>1/22/99</DATE>
		</SWIM>
		<SWIM>
			<SWIMMER>Ian Jordan</SWIMMER>
			<TIME>2:11.13</TIME>
			<DATE>1/12/01</DATE>
		</SWIM>
		<SWIM>
			<SWIMMER>Brian Pearson</SWIMMER>
			<TIME>2:15.46</TIME>
			<DATE>1/15/00</DATE>
		</SWIM>
		<SWIM>
			<SWIMMER>Andrew Johnson</SWIMMER>
			<TIME>2:19.31</TIME>
			<DATE>12/8/00</DATE>
		</SWIM>
	</EVENT>
	<EVENT>
		<EVENT_NAME>200 IM</EVENT_NAME>
		<SWIM>
			<SWIMMER>Nathan Jackson</SWIMMER>
			<TIME>2:08.77</TIME>
			<DATE>2/20/99</DATE>
		</SWIM>
		<SWIM>
			<SWIMMER>Jack Negro</SWIMMER>
			<TIME>2:08.85</TIME>
			<DATE></DATE>
		</SWIM>
		<SWIM>
			<SWIMMER>Chris Miller</SWIMMER>
			<TIME>2:12.92</TIME>
			<DATE>12/22/99</DATE>
		</SWIM>
		<SWIM>
			<SWIMMER>Chris Slevin</SWIMMER>
			<TIME>2:15.47</TIME>
			<DATE>2/17/01</DATE>
		</SWIM>
		<SWIM>
			<SWIMMER>Trent Jackson</SWIMMER>
			<TIME>2:18.06</TIME>
			<DATE>2/10/98</DATE>
		</SWIM>
		<SWIM>
			<SWIMMER>Andrew Cunningham</SWIMMER>
			<TIME>2:20.69</TIME>
			<DATE>2/17/01</DATE>
		</SWIM>
		<SWIM>
			<SWIMMER>Bill Chambers</SWIMMER>
			<TIME>2:31.36</TIME>
			<DATE>2/20/99</DATE>
		</SWIM>
		<SWIM>
			<SWIMMER>Jon Lontai</SWIMMER>
			<TIME>2:33.29</TIME>
			<DATE>2/6/99</DATE>
		</SWIM>
		<SWIM>
			<SWIMMER>Dan Tarabori</SWIMMER>
			<TIME>2:34.07</TIME>
			<DATE>1/23/99</DATE>
		</SWIM>
		<SWIM>
			<SWIMMER>Nate Grawey</SWIMMER>
			<TIME>2:34.66</TIME>
			<DATE>12/22/99</DATE>
		</SWIM>
	</EVENT>
	<EVENT>
		<EVENT_NAME>50 Freestyle</EVENT_NAME>
		<SWIM>
			<SWIMMER>Trent Jackson</SWIMMER>
			<TIME>22.62</TIME>
			<DATE>2/20/99</DATE>
		</SWIM>
		<SWIM>
			<SWIMMER>Nathan Jackson</SWIMMER>
			<TIME>23.76</TIME>
			<DATE>2/20/99</DATE>
		</SWIM>
		<SWIM>
			<SWIMMER>Quinn Brennan</SWIMMER>
			<TIME>24.16</TIME>
			<DATE>2/6/99</DATE>
		</SWIM>
		<SWIM>
			<SWIMMER>Nate Grawey</SWIMMER>
			<TIME>24.54</TIME>
			<DATE>1/22/00</DATE>
		</SWIM>
		<SWIM>
			<SWIMMER>Peter Myers</SWIMMER>
			<TIME>24.74</TIME>
			<DATE>1/24/01</DATE>
		</SWIM>
		<SWIM>
			<SWIMMER>Ian Jordan</SWIMMER>
			<TIME>25.03</TIME>
			<DATE>2/3/01</DATE>
		</SWIM>
		<SWIM>
			<SWIMMER>Jon Lontai</SWIMMER>
			<TIME>25.43</TIME>
			<DATE>1/15/99</DATE>
		</SWIM>
		<SWIM>
			<SWIMMER>Joe Radosevich</SWIMMER>
			<TIME>25.57</TIME>
			<DATE>2/17/01</DATE>
		</SWIM>
		<SWIM>
			<SWIMMER>Phillipe Hevesy</SWIMMER>
			<TIME>26.56</TIME>
			<DATE>1/24/01</DATE>
		</SWIM>
		<SWIM>
			<SWIMMER>Dan Tarabori</SWIMMER>
			<TIME>26.83</TIME>
			<DATE>2/7/98</DATE>
		</SWIM>
	</EVENT>
	<EVENT>
		<EVENT_NAME>100 Butterfly</EVENT_NAME>
		<SWIM>
			<SWIMMER>Jack Negro</SWIMMER>
			<TIME>55.07</TIME>
			<DATE></DATE>
		</SWIM>
		<SWIM>
			<SWIMMER>Chris Miller</SWIMMER>
			<TIME>55.63</TIME>
			<DATE>2/19/00</DATE>
		</SWIM>
		<SWIM>
			<SWIMMER>Trent Jackson</SWIMMER>
			<TIME>59.62</TIME>
			<DATE>1/15/99</DATE>
		</SWIM>
		<SWIM>
			<SWIMMER>Peter Myers</SWIMMER>
			<TIME>59.90</TIME>
			<DATE>2/17/01</DATE>
		</SWIM>
		<SWIM>
			<SWIMMER>Nathan Jackson</SWIMMER>
			<TIME>1:02.25</TIME>
			<DATE>12/22/99</DATE>
		</SWIM>
		<SWIM>
			<SWIMMER>Andrew Johnson</SWIMMER>
			<TIME>1:06.74</TIME>
			<DATE>2/17/01</DATE>
		</SWIM>
		<SWIM>
			<SWIMMER>Andrew Cunningham</SWIMMER>
			<TIME>1:09.39</TIME>
			<DATE>1/26/01</DATE>
		</SWIM>
		<SWIM>
			<SWIMMER>Bill Chambers</SWIMMER>
			<TIME>1:10.91</TIME>
			<DATE>2/20/99</DATE>
		</SWIM>
		<SWIM>
			<SWIMMER>Nate Grawey</SWIMMER>
			<TIME>1:11.36</TIME>
			<DATE>2/9/99</DATE>
		</SWIM>
		<SWIM>
			<SWIMMER>Chris Slevin</SWIMMER>
			<TIME>1:11.75</TIME>
			<DATE>12/22/99</DATE>
		</SWIM>
	</EVENT>
	<EVENT>
		<EVENT_NAME>100 Freestyle</EVENT_NAME>
		<SWIM>
			<SWIMMER>Trent Jackson</SWIMMER>
			<TIME>49.54</TIME>
			<DATE>2/20/99</DATE>
		</SWIM>
		<SWIM>
			<SWIMMER>Nathan Jackson</SWIMMER>
			<TIME>51.81</TIME>
			<DATE>2/20/99</DATE>
		</SWIM>
		<SWIM>
			<SWIMMER>Chris Miller</SWIMMER>
			<TIME>52.01</TIME>
			<DATE>2/19/00</DATE>
		</SWIM>
		<SWIM>
			<SWIMMER>Nate Grawey</SWIMMER>
			<TIME>54.73</TIME>
			<DATE>1/20/01</DATE>
		</SWIM>
		<SWIM>
			<SWIMMER>Ian Jordan</SWIMMER>
			<TIME>55.43</TIME>
			<DATE>2/3/01</DATE>
		</SWIM>
		<SWIM>
			<SWIMMER>Quinn Brennan</SWIMMER>
			<TIME>55.73</TIME>
			<DATE>1/15/99</DATE>
		</SWIM>
		<SWIM>
			<SWIMMER>Bill Chambers</SWIMMER>
			<TIME>57.17</TIME>
			<DATE>2/9/99</DATE>
		</SWIM>
		<SWIM>
			<SWIMMER>Jon Lontai</SWIMMER>
			<TIME>57.33</TIME>
			<DATE>1/15/99</DATE>
		</SWIM>
		<SWIM>
			<SWIMMER>Andy Caruso</SWIMMER>
			<TIME>57.66</TIME>
			<DATE>2/20/99</DATE>
		</SWIM>
		<SWIM>
			<SWIMMER>Andrew Cunningham</SWIMMER>
			<TIME>58.11</TIME>
			<DATE>2/3/99</DATE>
		</SWIM>
	</EVENT>
	<EVENT>
		<EVENT_NAME>500 Freestyle</EVENT_NAME>
		<SWIM>
			<SWIMMER>Chris Miller</SWIMMER>
			<TIME>4:55.47</TIME>
			<DATE>2/21/98</DATE>
		</SWIM>
		<SWIM>
			<SWIMMER>Chris Slevin</SWIMMER>
			<TIME>5:23.26</TIME>
			<DATE>2/17/01</DATE>
		</SWIM>
		<SWIM>
			<SWIMMER>Dan Tarabori</SWIMMER>
			<TIME>5:28.79</TIME>
			<DATE>2/20/99</DATE>
		</SWIM>
		<SWIM>
			<SWIMMER>Trent Jackson</SWIMMER>
			<TIME>5:30.07</TIME>
			<DATE>2/10/98</DATE>
		</SWIM>
		<SWIM>
			<SWIMMER>Nathan Jackson</SWIMMER>
			<TIME>5:33.85</TIME>
			<DATE>1/24/98</DATE>
		</SWIM>
		<SWIM>
			<SWIMMER>Peter Myers</SWIMMER>
			<TIME>5:37.77</TIME>
			<DATE>1/12/01</DATE>
		</SWIM>
		<SWIM>
			<SWIMMER>Nate Grawey</SWIMMER>
			<TIME>5:46.00</TIME>
			<DATE>1/26/01</DATE>
		</SWIM>
		<SWIM>
			<SWIMMER>Bill Chambers</SWIMMER>
			<TIME>5:53.54</TIME>
			<DATE>1/29/99</DATE>
		</SWIM>
		<SWIM>
			<SWIMMER>Jon Lontai</SWIMMER>
			<TIME>5:57.94</TIME>
			<DATE>2/6/99</DATE>
		</SWIM>
		<SWIM>
			<SWIMMER>Brian Pearson</SWIMMER>
			<TIME>6:00.12</TIME>
			<DATE>1/28/00</DATE>
		</SWIM>
	</EVENT>
	<EVENT>
		<EVENT_NAME>100 Backstroke</EVENT_NAME>
		<SWIM>
			<SWIMMER>Trent Jackson</SWIMMER>
			<TIME>57.71</TIME>
			<DATE>2/21/98</DATE>
		</SWIM>
		<SWIM>
			<SWIMMER>Nathan Jackson</SWIMMER>
			<TIME>59.72</TIME>
			<DATE>2/6/99</DATE>
		</SWIM>
		<SWIM>
			<SWIMMER>Andrew Cunningham</SWIMMER>
			<TIME>1:03.74</TIME>
			<DATE>2/17/01</DATE>
		</SWIM>
		<SWIM>
			<SWIMMER>Chris Miller</SWIMMER>
			<TIME>1:05.59</TIME>
			<DATE>12/22/99</DATE>
		</SWIM>
		<SWIM>
			<SWIMMER>Ross Cover</SWIMMER>
			<TIME>1:07.61</TIME>
			<DATE>2/17/01</DATE>
		</SWIM>
		<SWIM>
			<SWIMMER>Jon Lontai</SWIMMER>
			<TIME>1:08.73</TIME>
			<DATE>2/20/99</DATE>
		</SWIM>
		<SWIM>
			<SWIMMER>Andy Caruso</SWIMMER>
			<TIME>1:09.19</TIME>
			<DATE>2/6/99</DATE>
		</SWIM>
		<SWIM>
			<SWIMMER>Andrew Johnson</SWIMMER>
			<TIME>1:09.61</TIME>
			<DATE>1/26/01</DATE>
		</SWIM>
		<SWIM>
			<SWIMMER>Chris Slevin</SWIMMER>
			<TIME>1:09.90</TIME>
			<DATE>1/26/01</DATE>
		</SWIM>
		<SWIM>
			<SWIMMER>Nate Grawey</SWIMMER>
			<TIME>1:12.40</TIME>
			<DATE>12/22/99</DATE>
		</SWIM>
	</EVENT>
	<EVENT>
		<EVENT_NAME>100 Breaststroke</EVENT_NAME>
		<SWIM>
			<SWIMMER>Chris Miller</SWIMMER>
			<TIME>1:09.87</TIME>
			<DATE>12/22/99</DATE>
		</SWIM>
		<SWIM>
			<SWIMMER>Nathan Jackson</SWIMMER>
			<TIME>1:10.10</TIME>
			<DATE>1/9/98</DATE>
		</SWIM>
		<SWIM>
			<SWIMMER>Dan Tarabori</SWIMMER>
			<TIME>1:12.91</TIME>
			<DATE>2/20/99</DATE>
		</SWIM>
		<SWIM>
			<SWIMMER>Kevin Mahieu</SWIMMER>
			<TIME>1:13.68</TIME>
			<DATE>2/17/01</DATE>
		</SWIM>
		<SWIM>
			<SWIMMER>Nate Grawey</SWIMMER>
			<TIME>1:14.07</TIME>
			<DATE>12/22/99</DATE>
		</SWIM>
		<SWIM>
			<SWIMMER>Joe McMillan</SWIMMER>
			<TIME>1:15.30</TIME>
			<DATE>1/7/00</DATE>
		</SWIM>
		<SWIM>
			<SWIMMER>Andrew Cunningham</SWIMMER>
			<TIME>1:16.13</TIME>
			<DATE>1/26/01</DATE>
		</SWIM>
		<SWIM>
			<SWIMMER>Robert Kelly</SWIMMER>
			<TIME>1:16.42</TIME>
			<DATE>2/3/01</DATE>
		</SWIM>
		<SWIM>
			<SWIMMER>Chris Slevin</SWIMMER>
			<TIME>1:17.06</TIME>
			<DATE>12/8/00</DATE>
		</SWIM>
		<SWIM>
			<SWIMMER>Andy Vance</SWIMMER>
			<TIME>1:18.21</TIME>
			<DATE>2/17/01</DATE>
		</SWIM>
	</EVENT>
</TOP_TEN_TIMES>
